axis_id,external_factor_name,scenario_group,response_mean,response_peak,response_slope,response_persistence,fit_response_mean,holdout_response_mean,response_generalization_gap
distribution_shape_01,external_competition_pressure,single_sustained_factor,0.2765247696335812,0.3769749869519316,-0.1775050102345422,0.25,0.2765247696335812,0.27939859052500293,0.002873820891421741
distribution_shape_01,external_competition_pressure,unseen_factor_intensity,0.27939859052500293,0.37911043571762515,-0.18182075364679318,0.25,0.2765247696335812,0.27939859052500293,0.002873820891421741
distribution_shape_01,external_constraint_pressure,longer_sustained_factor,0.10672347266316089,0.37911043571762515,-0.35341678971772805,0.23809523809523808,0.0,0.10672347266316089,0.10672347266316089
distribution_shape_01,external_demand,single_sustained_factor,0.27690789428860246,0.3769749869519316,-0.17751824971027846,0.25,0.27690789428860246,0.0,0.27690789428860246
distribution_shape_01,external_information_noise,unseen_factor_intensity,0.2801030363060042,0.37911043571762515,-0.18082625676711828,0.25,0.0,0.2801030363060042,0.2801030363060042
distribution_shape_01,external_resource_supply,different_reversal_timing,0.2792993810945935,0.37911043571762515,-0.18211536289916397,0.25,0.27670513604732483,0.2792993810945935,0.002594245047268684
distribution_shape_01,external_resource_supply,single_sustained_factor,0.27670513604732483,0.3769749869519316,-0.17775310208209322,0.25,0.27670513604732483,0.2792993810945935,0.002594245047268684
distribution_shape_01,external_shock+external_constraint_pressure,stronger_shock,0.2869191622461615,0.37911043571762515,-0.16751960710051636,0.25,0.0,0.2869191622461615,0.2869191622461615
distribution_shape_02,external_competition_pressure,single_sustained_factor,2.549811775515216,2.89537854107559,0.6982857444163466,0.25,2.549811775515216,2.5233076991422605,0.0265040763729556
distribution_shape_02,external_competition_pressure,unseen_factor_intensity,2.5233076991422605,2.862096125136822,0.7210438698128456,0.25,2.549811775515216,2.5233076991422605,0.0265040763729556
distribution_shape_02,external_constraint_pressure,longer_sustained_factor,3.5622017117729223,4.2859724351120585,2.144920179788082,0.23809523809523808,0.0,3.5622017117729223,3.5622017117729223
distribution_shape_02,external_demand,single_sustained_factor,2.5482571197761215,2.8952803614687594,0.6978860783432537,0.25,2.548257119776121,0.0,2.548257119776121
distribution_shape_02,external_information_noise,unseen_factor_intensity,2.520842484395084,2.8581742453466914,0.717121990022715,0.25,0.0,2.520842484395084,2.520842484395084
distribution_shape_02,external_resource_supply,different_reversal_timing,2.5241713065811133,2.8643231331605272,0.7232708778365509,0.25,2.549387479368278,2.5241713065811133,0.02521617278716448
distribution_shape_02,external_resource_supply,single_sustained_factor,2.549387479368278,2.8966812815147334,0.7004808231771769,0.25,2.549387479368278,2.5241713065811133,0.02521617278716448
distribution_shape_02,external_shock+external_constraint_pressure,stronger_shock,2.4918732647656165,2.7973973394872695,0.6563450841632932,0.25,0.0,2.4918732647656165,2.4918732647656165
distribution_shape_03,external_competition_pressure,single_sustained_factor,0.48322675851232444,0.5006521327046485,-0.03455593317288358,0.25,0.48322675851232444,0.48236876342565677,0.0008579950866676733
distribution_shape_03,external_competition_pressure,unseen_factor_intensity,0.48236876342565677,0.498725960914877,-0.03260857167450942,0.25,0.48322675851232444,0.48236876342565677,0.0008579950866676733
distribution_shape_03,external_constraint_pressure,longer_sustained_factor,0.3976898384096427,0.498725960914877,-0.17919022494259956,0.23809523809523808,0.0,0.3976898384096427,0.3976898384096427
distribution_shape_03,external_demand,single_sustained_factor,0.4831246224065817,0.5006521327046485,-0.03497081956245629,0.25,0.4831246224065817,0.0,0.4831246224065817
distribution_shape_03,external_information_noise,unseen_factor_intensity,0.482617331243862,0.498725960914877,-0.032251865793572365,0.25,0.0,0.482617331243862,0.482617331243862
distribution_shape_03,external_resource_supply,different_reversal_timing,0.48386616484108114,0.498725960914877,-0.02918530834228905,0.25,0.483909133354069,0.48386616484108114,4.296851298785098e-05
distribution_shape_03,external_resource_supply,single_sustained_factor,0.48390913335406893,0.5006521327046485,-0.03093353176401764,0.25,0.483909133354069,0.48386616484108114,4.296851298785098e-05
distribution_shape_03,external_shock+external_constraint_pressure,stronger_shock,0.4836539829745022,0.498725960914877,-0.030044148296911266,0.25,0.0,0.4836539829745022,0.4836539829745022
distribution_shape_04,external_competition_pressure,single_sustained_factor,0.5101249454180489,0.5221618858382048,0.02358382570003248,0.25,0.510124945418049,0.5102023481023773,7.740268432832043e-05
distribution_shape_04,external_competition_pressure,unseen_factor_intensity,0.5102023481023773,0.5209637166538815,0.021592595147031268,0.25,0.510124945418049,0.5102023481023773,7.740268432832043e-05
distribution_shape_04,external_constraint_pressure,longer_sustained_factor,0.542742761832846,0.5614511924143314,0.046467053414928405,0.23809523809523808,0.0,0.542742761832846,0.542742761832846
distribution_shape_04,external_demand,single_sustained_factor,0.5101988293081698,0.5223378234207633,0.02394561423348951,0.25,0.5101988293081698,0.0,0.5101988293081698
distribution_shape_04,external_information_noise,unseen_factor_intensity,0.5124036901854263,0.5258006629298714,0.02642954142302112,0.25,0.0,0.5124036901854263,0.5124036901854263
distribution_shape_04,external_resource_supply,different_reversal_timing,0.5108117260649176,0.5224504595486892,0.023079338041838926,0.25,0.5104053036947093,0.5108117260649176,0.00040642237020838134
distribution_shape_04,external_resource_supply,single_sustained_factor,0.5104053036947092,0.523175904201719,0.024927009510889442,0.25,0.5104053036947093,0.5108117260649176,0.00040642237020838134
distribution_shape_04,external_shock+external_constraint_pressure,stronger_shock,0.5086513528842553,0.5172498148815077,0.017878693374657417,0.25,0.0,0.5086513528842553,0.5086513528842553
distribution_shape_05,external_competition_pressure,single_sustained_factor,0.5253490530629934,0.5502643670672919,0.050325389355555694,0.25,0.5253490530629934,0.5253545788415764,5.525778583037599e-06
distribution_shape_05,external_competition_pressure,unseen_factor_intensity,0.5253545788415764,0.5495239228649574,0.049251251852350464,0.25,0.5253490530629934,0.5253545788415764,5.525778583037599e-06
distribution_shape_05,external_constraint_pressure,longer_sustained_factor,0.6133668032608808,0.6811596482254043,0.18088697721279734,0.23809523809523808,0.0,0.6133668032608808,0.6133668032608808
distribution_shape_05,external_demand,single_sustained_factor,0.524699124338458,0.5493817001477017,0.049442722435965536,0.25,0.5246991243384579,0.0,0.5246991243384579
distribution_shape_05,external_information_noise,unseen_factor_intensity,0.5236551807056755,0.5460088614355783,0.04573619042297128,0.25,0.0,0.5236551807056755,0.5236551807056755
distribution_shape_05,external_resource_supply,different_reversal_timing,0.5246751499829522,0.5480603137439974,0.04778764273139047,0.25,0.5247542898903144,0.5246751499829522,7.913990736219123e-05
distribution_shape_05,external_resource_supply,single_sustained_factor,0.5247542898903144,0.54922190656138,0.04928292884964386,0.25,0.5247542898903144,0.5246751499829522,7.913990736219123e-05
distribution_shape_05,external_shock+external_constraint_pressure,stronger_shock,0.5225544537683479,0.5442034393064027,0.04393076829379572,0.25,0.0,0.5225544537683479,0.5225544537683479
distribution_shape_06,external_competition_pressure,single_sustained_factor,0.5014028371731503,0.5032653716945348,0.0028392802207998225,0.25,0.5014028371731503,0.49965338668639914,0.0017494504867511251
distribution_shape_06,external_competition_pressure,unseen_factor_intensity,0.49965338668639914,0.5014310304618812,0.002827920520856786,0.25,0.5014028371731503,0.49965338668639914,0.0017494504867511251
distribution_shape_06,external_constraint_pressure,longer_sustained_factor,0.5070039420605883,0.5148609436010436,0.016257833660019205,0.23809523809523808,0.0,0.5070039420605883,0.5070039420605883
distribution_shape_06,external_demand,single_sustained_factor,0.5011001651921563,0.5020716329917666,0.00163407262303783,0.25,0.5011001651921563,0.0,0.5011001651921563
distribution_shape_06,external_information_noise,unseen_factor_intensity,0.4989417809079279,0.49940121179719005,0.0007981018561656339,0.25,0.0,0.4989417809079279,0.4989417809079279
distribution_shape_06,external_resource_supply,different_reversal_timing,0.49912901471691534,0.4999794236854463,0.0013763137444218754,0.25,0.5011026919960521,0.49912901471691534,0.0019736772791367208
distribution_shape_06,external_resource_supply,single_sustained_factor,0.501102691996052,0.5021405363916359,0.001714444917900959,0.25,0.5011026919960521,0.49912901471691534,0.0019736772791367208
distribution_shape_06,external_shock+external_constraint_pressure,stronger_shock,0.4989381700066635,0.49942807358733055,0.0008249636463061316,0.25,0.0,0.4989381700066635,0.4989381700066635
distribution_shape_07,external_competition_pressure,single_sustained_factor,0.5127421808851382,0.5258867716145803,0.025970258055307505,0.25,0.5127421808851383,0.5123763703328659,0.00036581055227247194
distribution_shape_07,external_competition_pressure,unseen_factor_intensity,0.5123763703328659,0.5247012440826055,0.024971851080115404,0.25,0.5127421808851383,0.5123763703328659,0.00036581055227247194
distribution_shape_07,external_constraint_pressure,longer_sustained_factor,0.5864575374857195,0.6470073224673976,0.14727792946490742,0.23809523809523808,0.0,0.5864575374857195,0.5864575374857195
distribution_shape_07,external_demand,single_sustained_factor,0.5128265255045688,0.5260739821846455,0.02635959672526411,0.25,0.5128265255045689,0.0,0.5128265255045689
distribution_shape_07,external_information_noise,unseen_factor_intensity,0.512175087198779,0.5244069708301485,0.024677577827658392,0.25,0.0,0.512175087198779,0.512175087198779
distribution_shape_07,external_resource_supply,different_reversal_timing,0.5130769265947138,0.5263854049257205,0.02665601192323036,0.25,0.5130704076180761,0.5130769265947138,6.518976637726048e-06
distribution_shape_07,external_resource_supply,single_sustained_factor,0.5130704076180761,0.5270400553899416,0.02749589149081677,0.25,0.5130704076180761,0.5130769265947138,6.518976637726048e-06
distribution_shape_07,external_shock+external_constraint_pressure,stronger_shock,0.5125580376970287,0.5247432452834095,0.025013852280919402,0.25,0.0,0.5125580376970287,0.5125580376970287
distribution_shape_08,external_competition_pressure,single_sustained_factor,0.1923380003599358,0.22633716506318574,0.0662368507971372,0.25,0.19233800035993584,0.18869882581039424,0.0036391745495416017
distribution_shape_08,external_competition_pressure,unseen_factor_intensity,0.18869882581039424,0.22192418726502525,0.06844673449759905,0.25,0.19233800035993584,0.18869882581039424,0.0036391745495416017
distribution_shape_08,external_constraint_pressure,longer_sustained_factor,0.3196592334333336,0.43421616300973637,0.2807387102423102,0.23809523809523808,0.0,0.3196592334333336,0.3196592334333336
distribution_shape_08,external_demand,single_sustained_factor,0.19216913821189802,0.2263213645559399,0.06620224182584095,0.25,0.19216913821189802,0.0,0.19216913821189802
distribution_shape_08,external_information_noise,unseen_factor_intensity,0.18844278775979637,0.2215290444985318,0.06805159173110562,0.25,0.0,0.18844278775979637,0.18844278775979637
distribution_shape_08,external_resource_supply,different_reversal_timing,0.18873115075084784,0.2220382592103592,0.068560806442933,0.25,0.19226211893620357,0.18873115075084784,0.003530968185355726
distribution_shape_08,external_resource_supply,single_sustained_factor,0.19226211893620357,0.22637842685414789,0.06633320523766531,0.25,0.19226211893620357,0.18873115075084784,0.003530968185355726
distribution_shape_08,external_shock+external_constraint_pressure,stronger_shock,0.18557124922322016,0.21527468055717697,0.061797227789750775,0.25,0.0,0.18557124922322016,0.18557124922322016
terrain_semantic_short_payoff,external_competition_pressure,single_sustained_factor,0.4706718822137892,0.5008175182786937,-0.05081355903330781,0.25,0.47067188221378925,0.47173434483413257,0.0010624626203433185
terrain_semantic_short_payoff,external_competition_pressure,unseen_factor_intensity,0.47173434483413257,0.5007834775875388,-0.051229580356307536,0.25,0.47067188221378925,0.47173434483413257,0.0010624626203433185
terrain_semantic_short_payoff,external_constraint_pressure,longer_sustained_factor,0.5618572755890346,0.7645877474813212,0.26380426989378236,0.23809523809523808,0.0,0.5618572755890346,0.5618572755890346
terrain_semantic_short_payoff,external_demand,single_sustained_factor,0.4643941759338137,0.5008175182786937,-0.05214188141115034,0.25,0.4643941759338137,0.0,0.4643941759338137
terrain_semantic_short_payoff,external_information_noise,unseen_factor_intensity,0.46959849900236195,0.5007834775875388,-0.0559212224767498,0.25,0.0,0.46959849900236195,0.46959849900236195
terrain_semantic_short_payoff,external_resource_supply,different_reversal_timing,0.4691369765454239,0.5007834775875388,-0.05730031208233405,0.25,0.469977518584746,0.4691369765454239,0.0008405420393221008
terrain_semantic_short_payoff,external_resource_supply,single_sustained_factor,0.469977518584746,0.5008175182786937,-0.05611834123949688,0.25,0.469977518584746,0.4691369765454239,0.0008405420393221008
terrain_semantic_short_payoff,external_shock+external_constraint_pressure,stronger_shock,0.46699885732993585,0.5007834775875388,-0.061806368642626563,0.25,0.0,0.46699885732993585,0.46699885732993585
terrain_semantic_medium_payoff,external_competition_pressure,single_sustained_factor,0.526799213735384,0.5493095868783429,-0.03331413781075471,0.25,0.526799213735384,0.5215882233864166,0.005210990348967326
terrain_semantic_medium_payoff,external_competition_pressure,unseen_factor_intensity,0.5215882233864166,0.5432893529563899,-0.03844420212050048,0.25,0.526799213735384,0.5215882233864166,0.005210990348967326
terrain_semantic_medium_payoff,external_constraint_pressure,longer_sustained_factor,0.3123111457415932,0.5418500302773179,-0.40078254848802675,0.23809523809523808,0.0,0.3123111457415932,0.3123111457415932
terrain_semantic_medium_payoff,external_demand,single_sustained_factor,0.5352297219979125,0.5531383028320503,-0.011463953859162435,0.25,0.5352297219979125,0.0,0.5352297219979125
terrain_semantic_medium_payoff,external_information_noise,unseen_factor_intensity,0.5232560698907535,0.5440463693392079,-0.03460927745294495,0.25,0.0,0.5232560698907535,0.5232560698907535
terrain_semantic_medium_payoff,external_resource_supply,different_reversal_timing,0.5331760054433461,0.550717635203439,-0.014768367129494364,0.25,0.5257346524884701,0.5331760054433461,0.007441352954876024
terrain_semantic_medium_payoff,external_resource_supply,single_sustained_factor,0.5257346524884701,0.5522062546771975,-0.014240394250350619,0.25,0.5257346524884701,0.5331760054433461,0.007441352954876024
terrain_semantic_medium_payoff,external_shock+external_constraint_pressure,stronger_shock,0.4827014884049904,0.530932336065827,-0.1214300634240455,0.25,0.0,0.4827014884049904,0.4827014884049904
terrain_semantic_effective_medium_payoff,external_competition_pressure,single_sustained_factor,0.5264864140923595,0.549058671631541,-0.03388529219645614,0.25,0.5264864140923595,0.5212790534995295,0.0052073605928300015
terrain_semantic_effective_medium_payoff,external_competition_pressure,unseen_factor_intensity,0.5212790534995295,0.5430411958641308,-0.03900712374314885,0.25,0.5264864140923595,0.5212790534995295,0.0052073605928300015
terrain_semantic_effective_medium_payoff,external_constraint_pressure,longer_sustained_factor,0.31223305699363973,0.541545189724836,-0.39919588652932325,0.23809523809523808,0.0,0.31223305699363973,0.31223305699363973
terrain_semantic_effective_medium_payoff,external_demand,single_sustained_factor,0.5349013849808453,0.5528896099315646,-0.012108916154691118,0.25,0.5349013849808453,0.0,0.5349013849808453
terrain_semantic_effective_medium_payoff,external_information_noise,unseen_factor_intensity,0.5229439826721357,0.5437919742182686,-0.03517421584457253,0.25,0.0,0.5229439826721357,0.5229439826721357
terrain_semantic_effective_medium_payoff,external_resource_supply,different_reversal_timing,0.5328869968007759,0.5504803443237635,-0.015289761863927498,0.25,0.5254320228608805,0.5328869968007759,0.00745497393989536
terrain_semantic_effective_medium_payoff,external_resource_supply,single_sustained_factor,0.5254320228608806,0.5519612507879894,-0.014763426169544402,0.25,0.5254320228608805,0.5328869968007759,0.00745497393989536
terrain_semantic_effective_medium_payoff,external_shock+external_constraint_pressure,stronger_shock,0.48232882106432684,0.530932336065827,-0.12208690244680587,0.25,0.0,0.48232882106432684,0.48232882106432684
terrain_semantic_friction,external_competition_pressure,single_sustained_factor,0.2558187434249426,0.35463365902464117,0.33794986484359135,0.25,0.2558187434249426,0.26032836608071264,0.00450962265577004
terrain_semantic_friction,external_competition_pressure,unseen_factor_intensity,0.26032836608071264,0.355871710351871,0.3397898864684421,0.25,0.2558187434249426,0.26032836608071264,0.00450962265577004
terrain_semantic_friction,external_constraint_pressure,longer_sustained_factor,0.3438346612761156,0.4029634969425341,0.4029634969425341,0.23809523809523808,0.0,0.3438346612761156,0.3438346612761156
terrain_semantic_friction,external_demand,single_sustained_factor,0.25649495666412325,0.36627590280001177,0.3524639107140561,0.25,0.25649495666412325,0.0,0.25649495666412325
terrain_semantic_friction,external_information_noise,unseen_factor_intensity,0.25003660922379,0.34527943430650787,0.32315687616677236,0.25,0.0,0.25003660922379,0.25003660922379
terrain_semantic_friction,external_resource_supply,different_reversal_timing,0.24825271022832274,0.3430126028117842,0.32081454169557566,0.25,0.24875133377786152,0.24825271022832274,0.0004986235495387792
terrain_semantic_friction,external_resource_supply,single_sustained_factor,0.24875133377786152,0.3459200009478842,0.3214728984701461,0.25,0.24875133377786152,0.24825271022832274,0.0004986235495387792
terrain_semantic_friction,external_shock+external_constraint_pressure,stronger_shock,0.26555328342525963,0.3627186588455124,0.346570910554024,0.25,0.0,0.26555328342525963,0.26555328342525963
terrain_semantic_viscosity,external_competition_pressure,single_sustained_factor,0.22632023804997276,0.31870596725147776,0.30481069985492837,0.25,0.22632023804997276,0.23744819415633225,0.011127956106359499
terrain_semantic_viscosity,external_competition_pressure,unseen_factor_intensity,0.23744819415633225,0.32364710314039413,0.31101848875890814,0.25,0.22632023804997276,0.23744819415633225,0.011127956106359499
terrain_semantic_viscosity,external_constraint_pressure,longer_sustained_factor,0.29313839098161115,0.32579805535836037,0.32579805535836037,0.23809523809523808,0.0,0.29313839098161115,0.29313839098161115
terrain_semantic_viscosity,external_demand,single_sustained_factor,0.21119476871133164,0.3029991520975092,0.28512928424241646,0.25,0.21119476871133167,0.0,0.21119476871133167
terrain_semantic_viscosity,external_information_noise,unseen_factor_intensity,0.20690073834014333,0.28805025364931114,0.26546721330265943,0.25,0.0,0.20690073834014333,0.20690073834014333
terrain_semantic_viscosity,external_resource_supply,different_reversal_timing,0.2060674563491112,0.28662820580349213,0.2646516954604071,0.25,0.2060492111350523,0.2060674563491112,1.8245214058881798e-05
terrain_semantic_viscosity,external_resource_supply,single_sustained_factor,0.2060492111350523,0.28854273747552195,0.26490347949014625,0.25,0.2060492111350523,0.2060674563491112,1.8245214058881798e-05
terrain_semantic_viscosity,external_shock+external_constraint_pressure,stronger_shock,0.23286443792987388,0.32012721680642575,0.3022173625430596,0.25,0.0,0.23286443792987388,0.23286443792987388
terrain_semantic_rigidity,external_competition_pressure,single_sustained_factor,0.19690309314103505,0.2816570338821218,0.2743072663299,0.25,0.19690309314103505,0.2155629307169295,0.018659837575894456
terrain_semantic_rigidity,external_competition_pressure,unseen_factor_intensity,0.2155629307169295,0.2906916743971417,0.2849542127478313,0.25,0.19690309314103505,0.2155629307169295,0.018659837575894456
terrain_semantic_rigidity,external_constraint_pressure,longer_sustained_factor,0.2519158944320246,0.2953936833460731,0.2642934965331633,0.23809523809523808,0.0,0.2519158944320246,0.2519158944320246
terrain_semantic_rigidity,external_demand,single_sustained_factor,0.15957932344002845,0.22282188677051543,0.20554896059619043,0.25,0.15957932344002845,0.0,0.15957932344002845
terrain_semantic_rigidity,external_information_noise,unseen_factor_intensity,0.15992460992745372,0.2228051147928692,0.20477086494265956,0.25,0.0,0.15992460992745372,0.15992460992745372
terrain_semantic_rigidity,external_resource_supply,different_reversal_timing,0.16032602535178392,0.22293627717282632,0.20570776189850531,0.25,0.15958138776775443,0.16032602535178392,0.0007446375840294839
terrain_semantic_rigidity,external_resource_supply,single_sustained_factor,0.15958138776775443,0.22284193511424022,0.2055672088556315,0.25,0.15958138776775443,0.16032602535178392,0.0007446375840294839
terrain_semantic_rigidity,external_shock+external_constraint_pressure,stronger_shock,0.20190839350401807,0.27740069729410893,0.2619225790721918,0.25,0.0,0.20190839350401807,0.20190839350401807
terrain_semantic_recovery_speed,external_competition_pressure,single_sustained_factor,0.4862229922685327,0.6578580210635604,0.6523417495092985,0.25,0.48622299226853266,0.482874000241388,0.0033489920271446705
terrain_semantic_recovery_speed,external_competition_pressure,unseen_factor_intensity,0.482874000241388,0.6499864586915798,0.6499864586915798,0.25,0.48622299226853266,0.482874000241388,0.0033489920271446705
terrain_semantic_recovery_speed,external_constraint_pressure,longer_sustained_factor,0.6060178516015754,0.649519707148365,0.6449373962558369,0.23809523809523808,0.0,0.6060178516015754,0.6060178516015754
terrain_semantic_recovery_speed,external_demand,single_sustained_factor,0.4832776747679618,0.6543439877951764,0.6450844936286291,0.25,0.48327767476796174,0.0,0.48327767476796174
terrain_semantic_recovery_speed,external_information_noise,unseen_factor_intensity,0.48390139910962365,0.6538112797927997,0.6538112797927997,0.25,0.0,0.48390139910962365,0.48390139910962365
terrain_semantic_recovery_speed,external_resource_supply,different_reversal_timing,0.4853346776253944,0.6557790913386552,0.6557790913386552,0.25,0.48489514489466023,0.4853346776253944,0.0004395327307341601
terrain_semantic_recovery_speed,external_resource_supply,single_sustained_factor,0.48489514489466023,0.6573280649044257,0.6555291243615089,0.25,0.48489514489466023,0.4853346776253944,0.0004395327307341601
terrain_semantic_recovery_speed,external_shock+external_constraint_pressure,stronger_shock,0.4679860490368439,0.626893003697494,0.626893003697494,0.25,0.0,0.4679860490368439,0.4679860490368439
terrain_semantic_route_support,external_competition_pressure,single_sustained_factor,0.45562752147987307,0.6088366594492974,0.6084578058169097,0.25,0.45562752147987307,0.4555053728584703,0.00012214862140275118
terrain_semantic_route_support,external_competition_pressure,unseen_factor_intensity,0.4555053728584703,0.6081567399863356,0.6079772954705167,0.25,0.45562752147987307,0.4555053728584703,0.00012214862140275118
terrain_semantic_route_support,external_constraint_pressure,longer_sustained_factor,0.6631319939743723,0.8311082452880731,0.8311082452880731,0.23809523809523808,0.0,0.6631319939743723,0.6631319939743723
terrain_semantic_route_support,external_demand,single_sustained_factor,0.4576961764066646,0.6354184332692348,0.5928522606604868,0.25,0.4576961764066646,0.0,0.4576961764066646
terrain_semantic_route_support,external_information_noise,unseen_factor_intensity,0.46288519297723557,0.6180398411920413,0.6163519002366369,0.25,0.0,0.46288519297723557,0.46288519297723557
terrain_semantic_route_support,external_resource_supply,different_reversal_timing,0.4456883493117651,0.6029473007215878,0.6029473007215878,0.25,0.45142407090640635,0.4456883493117651,0.005735721594641252
terrain_semantic_route_support,external_resource_supply,single_sustained_factor,0.45142407090640635,0.6082320220251347,0.6033628788790816,0.25,0.45142407090640635,0.4456883493117651,0.005735721594641252
terrain_semantic_route_support,external_shock+external_constraint_pressure,stronger_shock,0.5055452010452404,0.6925088103824868,0.6925088103824868,0.25,0.0,0.5055452010452404,0.5055452010452404
terrain_semantic_operating_cost,external_competition_pressure,single_sustained_factor,0.2153068737947688,0.3141289636695928,0.3141289636695928,0.25,0.21530687379476876,0.22175267138577642,0.006445797591007663
terrain_semantic_operating_cost,external_competition_pressure,unseen_factor_intensity,0.22175267138577642,0.31741687485313763,0.31741687485313763,0.25,0.21530687379476876,0.22175267138577642,0.006445797591007663
terrain_semantic_operating_cost,external_constraint_pressure,longer_sustained_factor,0.3281791008091156,0.3873296512413601,0.3873296512413601,0.23809523809523808,0.0,0.3281791008091156,0.3281791008091156
terrain_semantic_operating_cost,external_demand,single_sustained_factor,0.21072074006257302,0.32036646005448194,0.32036646005448194,0.25,0.21072074006257302,0.0,0.21072074006257302
terrain_semantic_operating_cost,external_information_noise,unseen_factor_intensity,0.20776364784425905,0.295392897826555,0.295392897826555,0.25,0.0,0.20776364784425905,0.20776364784425905
terrain_semantic_operating_cost,external_resource_supply,different_reversal_timing,0.20222956372901496,0.2878795778062617,0.2878795778062617,0.25,0.20627248963701872,0.20222956372901496,0.004042925908003758
terrain_semantic_operating_cost,external_resource_supply,single_sustained_factor,0.20627248963701866,0.3047569270346561,0.28828584662274576,0.25,0.20627248963701872,0.20222956372901496,0.004042925908003758
terrain_semantic_operating_cost,external_shock+external_constraint_pressure,stronger_shock,0.23230479896040623,0.335694157310976,0.335694157310976,0.25,0.0,0.23230479896040623,0.23230479896040623
terrain_semantic_cost_reduction_gain,external_competition_pressure,single_sustained_factor,0.13506207382236812,0.1941506625871659,0.1840512204825462,0.25,0.13506207382236812,0.12949801898997426,0.005564054832393861
terrain_semantic_cost_reduction_gain,external_competition_pressure,unseen_factor_intensity,0.12949801898997426,0.18090001731824804,0.18089369206616085,0.25,0.13506207382236812,0.12949801898997426,0.005564054832393861
terrain_semantic_cost_reduction_gain,external_constraint_pressure,longer_sustained_factor,0.19436224961459372,0.22197624660607657,0.21524114881622028,0.23809523809523808,0.0,0.19436224961459372,0.19436224961459372
terrain_semantic_cost_reduction_gain,external_demand,single_sustained_factor,0.13901882364007523,0.20684207358222179,0.17827227170739426,0.25,0.13901882364007523,0.0,0.13901882364007523
terrain_semantic_cost_reduction_gain,external_information_noise,unseen_factor_intensity,0.14196241530633624,0.20051736590634378,0.2005110406542566,0.25,0.0,0.14196241530633624,0.14196241530633624
terrain_semantic_cost_reduction_gain,external_resource_supply,different_reversal_timing,0.14733719964311814,0.20807760233086475,0.20807127707877757,0.25,0.14376528993458682,0.14733719964311814,0.003571909708531329
terrain_semantic_cost_reduction_gain,external_resource_supply,single_sustained_factor,0.14376528993458682,0.2095028816294535,0.20786554917246963,0.25,0.14376528993458682,0.14733719964311814,0.003571909708531329
terrain_semantic_cost_reduction_gain,external_shock+external_constraint_pressure,stronger_shock,0.12278405634405419,0.17049207373283481,0.17048574848074763,0.25,0.0,0.12278405634405419,0.12278405634405419
terrain_semantic_viability_reserve,external_competition_pressure,single_sustained_factor,0.47089505960100003,0.6294756307530543,0.6289341008318406,0.25,0.470895059601,0.47077898625661796,0.00011607334438201722
terrain_semantic_viability_reserve,external_competition_pressure,unseen_factor_intensity,0.47077898625661796,0.6288317196270929,0.6284796860738525,0.25,0.470895059601,0.47077898625661796,0.00011607334438201722
terrain_semantic_viability_reserve,external_constraint_pressure,longer_sustained_factor,0.6974480888721724,0.8713108760245678,0.8713108760245678,0.23809523809523808,0.0,0.6974480888721724,0.6974480888721724
terrain_semantic_viability_reserve,external_demand,single_sustained_factor,0.4733773301129889,0.6635199317788278,0.6076504667727163,0.25,0.4733773301129889,0.0,0.4733773301129889
terrain_semantic_viability_reserve,external_information_noise,unseen_factor_intensity,0.48032651061823534,0.6415509806965367,0.6391685720179512,0.25,0.0,0.48032651061823534,0.48032651061823534
terrain_semantic_viability_reserve,external_resource_supply,different_reversal_timing,0.45697982921307934,0.6207551858137899,0.6207551858137899,0.25,0.46506157498084355,0.45697982921307934,0.008081745767764215
terrain_semantic_viability_reserve,external_resource_supply,single_sustained_factor,0.46506157498084355,0.6285108546878693,0.6211526331460305,0.25,0.46506157498084355,0.45697982921307934,0.008081745767764215
terrain_semantic_viability_reserve,external_shock+external_constraint_pressure,stronger_shock,0.5346199831717728,0.733878588035278,0.733878588035278,0.25,0.0,0.5346199831717728,0.5346199831717728
terrain_interaction_short_payoff_x_friction,external_competition_pressure,single_sustained_factor,0.13155409662676137,0.18316961104957508,0.17438856366455924,0.25,0.13155409662676137,0.13390161416401286,0.0023475175372514867
terrain_interaction_short_payoff_x_friction,external_competition_pressure,unseen_factor_intensity,0.13390161416401286,0.18347818447557232,0.17519991028407594,0.25,0.13155409662676137,0.13390161416401286,0.0023475175372514867
terrain_interaction_short_payoff_x_friction,external_constraint_pressure,longer_sustained_factor,0.2437849570608351,0.37151141634757784,0.37151141634757784,0.23809523809523808,0.0,0.2437849570608351,0.2437849570608351
terrain_interaction_short_payoff_x_friction,external_demand,single_sustained_factor,0.12979983140256254,0.18888049341958404,0.18044513933706163,0.25,0.12979983140256254,0.0,0.12979983140256254
terrain_interaction_short_payoff_x_friction,external_information_noise,unseen_factor_intensity,0.12776445564464017,0.17755986644841798,0.1648275879935603,0.25,0.0,0.12776445564464017,0.12776445564464017
terrain_interaction_short_payoff_x_friction,external_resource_supply,different_reversal_timing,0.12697877430676086,0.17657252280580374,0.16373389516578352,0.25,0.12761786141580173,0.12697877430676086,0.0006390871090408701
terrain_interaction_short_payoff_x_friction,external_resource_supply,single_sustained_factor,0.12761786141580173,0.1784917571461021,0.16447293482094727,0.25,0.12761786141580173,0.12697877430676086,0.0006390871090408701
terrain_interaction_short_payoff_x_friction,external_shock+external_constraint_pressure,stronger_shock,0.13280862313770178,0.18441812796069565,0.1710491213329597,0.25,0.0,0.13280862313770178,0.13280862313770178
terrain_interaction_medium_payoff_x_viscosity,external_competition_pressure,single_sustained_factor,0.11132253371657942,0.16767701950198596,0.1370998998197129,0.25,0.11132253371657944,0.11551784974252016,0.004195316025940726
terrain_interaction_medium_payoff_x_viscosity,external_competition_pressure,unseen_factor_intensity,0.11551784974252016,0.16968286362012713,0.13864128233090875,0.25,0.11132253371657944,0.11551784974252016,0.004195316025940726
terrain_interaction_medium_payoff_x_viscosity,external_constraint_pressure,longer_sustained_factor,0.05800845025916085,0.16922945014637636,0.009564099672160346,0.23809523809523808,0.0,0.05800845025916085,0.05800845025916085
terrain_interaction_medium_payoff_x_viscosity,external_demand,single_sustained_factor,0.10579089980573268,0.16132409601439857,0.13374973975767152,0.25,0.1057908998057327,0.0,0.1057908998057327
terrain_interaction_medium_payoff_x_viscosity,external_information_noise,unseen_factor_intensity,0.10011047404490107,0.1502353762603299,0.11734532966264781,0.25,0.0,0.10011047404490107,0.10011047404490107
terrain_interaction_medium_payoff_x_viscosity,external_resource_supply,different_reversal_timing,0.10259930073706626,0.1514492908261512,0.12278163295009063,0.25,0.10042078743912103,0.10259930073706626,0.002178513297945231
terrain_interaction_medium_payoff_x_viscosity,external_resource_supply,single_sustained_factor,0.10042078743912101,0.1522761688870596,0.12297076413443726,0.25,0.10042078743912103,0.10259930073706626,0.002178513297945231
terrain_interaction_medium_payoff_x_viscosity,external_shock+external_constraint_pressure,stronger_shock,0.1007572545863819,0.1597256665581281,0.10887763333959033,0.25,0.0,0.1007572545863819,0.1007572545863819
terrain_interaction_effective_medium_payoff_x_operating_cost,external_competition_pressure,single_sustained_factor,0.10264719880708707,0.14371899606852512,0.1378808947978643,0.25,0.10264719880708706,0.10434115935368657,0.00169396054659951
terrain_interaction_effective_medium_payoff_x_operating_cost,external_competition_pressure,unseen_factor_intensity,0.10434115935368657,0.14424135646290784,0.13791379233088016,0.25,0.10264719880708706,0.10434115935368657,0.00169396054659951
terrain_interaction_effective_medium_payoff_x_operating_cost,external_constraint_pressure,longer_sustained_factor,0.05750614138099162,0.14189863455571677,0.009003403504222513,0.23809523809523808,0.0,0.05750614138099162,0.05750614138099162
terrain_interaction_effective_medium_payoff_x_operating_cost,external_demand,single_sustained_factor,0.10301698431098445,0.15171117387469843,0.14843155942062125,0.25,0.10301698431098447,0.0,0.10301698431098447
terrain_interaction_effective_medium_payoff_x_operating_cost,external_information_noise,unseen_factor_intensity,0.09745753327829554,0.1346151790915286,0.12805691996106958,0.25,0.0,0.09745753327829554,0.09745753327829554
terrain_interaction_effective_medium_payoff_x_operating_cost,external_resource_supply,different_reversal_timing,0.09797951656210724,0.13522895653518519,0.13119941312380617,0.25,0.09751606482386549,0.09797951656210724,0.0004634517382417491
terrain_interaction_effective_medium_payoff_x_operating_cost,external_resource_supply,single_sustained_factor,0.09751606482386548,0.13687479439333342,0.1314552572375854,0.25,0.09751606482386549,0.09797951656210724,0.0004634517382417491
terrain_interaction_effective_medium_payoff_x_operating_cost,external_shock+external_constraint_pressure,stronger_shock,0.09648353995030823,0.13555598822948672,0.11819781787605518,0.25,0.0,0.09648353995030823,0.09648353995030823
terrain_interaction_route_support_x_cost_reduction_gain,external_competition_pressure,single_sustained_factor,0.08958403910483284,0.1294388504885959,0.12253212395843707,0.25,0.08958403910483284,0.0858647557652679,0.0037192833395649355
terrain_interaction_route_support_x_cost_reduction_gain,external_competition_pressure,unseen_factor_intensity,0.0858647557652679,0.12047524651842628,0.12047524651842628,0.25,0.08958403910483284,0.0858647557652679,0.0037192833395649355
terrain_interaction_route_support_x_cost_reduction_gain,external_constraint_pressure,longer_sustained_factor,0.14771180596456995,0.19185301152567474,0.19185301152567474,0.23809523809523808,0.0,0.14771180596456995,0.14771180596456995
terrain_interaction_route_support_x_cost_reduction_gain,external_demand,single_sustained_factor,0.09248283542630015,0.14111018384035443,0.1168239656910249,0.25,0.09248283542630016,0.0,0.09248283542630016
terrain_interaction_route_support_x_cost_reduction_gain,external_information_noise,unseen_factor_intensity,0.09577526516927616,0.13563064591167545,0.13563064591167545,0.25,0.0,0.09577526516927616,0.09577526516927616
terrain_interaction_route_support_x_cost_reduction_gain,external_resource_supply,different_reversal_timing,0.09656394939832003,0.13845298634681785,0.13845298634681785,0.25,0.09506688611492287,0.09656394939832003,0.0014970632833971598
terrain_interaction_route_support_x_cost_reduction_gain,external_resource_supply,single_sustained_factor,0.09506688611492287,0.13925365778162596,0.13821625760421274,0.25,0.09506688611492287,0.09656394939832003,0.0014970632833971598
terrain_interaction_route_support_x_cost_reduction_gain,external_shock+external_constraint_pressure,stronger_shock,0.08663646224154903,0.12345330462397003,0.12345330462397003,0.25,0.0,0.08663646224154903,0.08663646224154903
terrain_interaction_viability_reserve_x_negative_viability_pressure,external_competition_pressure,single_sustained_factor,2.5714938411434657e-05,9.298684040548677e-05,6.496882690534638e-05,0.25,2.5714938411434657e-05,2.3617436250521094e-05,2.097502160913563e-06
terrain_interaction_viability_reserve_x_negative_viability_pressure,external_competition_pressure,unseen_factor_intensity,2.3617436250521094e-05,7.918537902454756e-05,7.918537902454756e-05,0.25,2.5714938411434657e-05,2.3617436250521094e-05,2.097502160913563e-06
terrain_interaction_viability_reserve_x_negative_viability_pressure,external_constraint_pressure,longer_sustained_factor,0.0003940264453961631,0.000797972810542918,0.000797972810542918,0.23809523809523808,0.0,0.0003940264453961631,0.0003940264453961631
terrain_interaction_viability_reserve_x_negative_viability_pressure,external_demand,single_sustained_factor,2.553989452030023e-05,0.0001459101866029228,3.300370759766647e-05,0.25,2.553989452030023e-05,0.0,2.553989452030023e-05
terrain_interaction_viability_reserve_x_negative_viability_pressure,external_information_noise,unseen_factor_intensity,2.9090824693120222e-05,6.720900361943471e-05,6.720900361943471e-05,0.25,0.0,2.9090824693120222e-05,2.9090824693120222e-05
terrain_interaction_viability_reserve_x_negative_viability_pressure,external_resource_supply,different_reversal_timing,3.2454778242880755e-07,1.2981911297152302e-06,1.2981911297152302e-06,0.25,1.2545710076545805e-05,3.2454778242880755e-07,1.2221162294116997e-05
terrain_interaction_viability_reserve_x_negative_viability_pressure,external_resource_supply,single_sustained_factor,1.2545710076545803e-05,7.115235344855905e-05,4.804081075579352e-06,0.25,1.2545710076545805e-05,3.2454778242880755e-07,1.2221162294116997e-05
terrain_interaction_viability_reserve_x_negative_viability_pressure,external_shock+external_constraint_pressure,stronger_shock,0.000501760557888752,0.001542081680194765,0.001542081680194765,0.25,0.0,0.000501760557888752,0.000501760557888752
terrain_interaction_released_mass_x_release_reallocation_flow,external_competition_pressure,single_sustained_factor,4.0771761349307824e-05,0.0001274173378970835,8.086931595579855e-05,0.25,4.0771761349307824e-05,3.667726203598987e-05,4.0944993133179515e-06
terrain_interaction_released_mass_x_release_reallocation_flow,external_competition_pressure,unseen_factor_intensity,3.667726203598987e-05,9.940789083406006e-05,9.940789083406006e-05,0.25,4.0771761349307824e-05,3.667726203598987e-05,4.0944993133179515e-06
terrain_interaction_released_mass_x_release_reallocation_flow,external_constraint_pressure,longer_sustained_factor,0.0004759553585550076,0.0007264595936240022,0.0006695026420770597,0.23809523809523808,0.0,0.0004759553585550076,0.0004759553585550076
terrain_interaction_released_mass_x_release_reallocation_flow,external_demand,single_sustained_factor,4.181371659423641e-05,0.00019172279701016622,5.241946295234044e-05,0.25,4.181371659423641e-05,0.0,4.181371659423641e-05
terrain_interaction_released_mass_x_release_reallocation_flow,external_information_noise,unseen_factor_intensity,5.942516928733146e-05,0.00015084062110098438,0.00015084062110098438,0.25,0.0,5.942516928733146e-05,5.942516928733146e-05
terrain_interaction_released_mass_x_release_reallocation_flow,external_resource_supply,different_reversal_timing,1.4640146743466918e-05,2.0092051938230785e-05,1.8995053779288155e-05,0.25,2.433676799186977e-05,1.4640146743466918e-05,9.696621248402853e-06
terrain_interaction_released_mass_x_release_reallocation_flow,external_resource_supply,single_sustained_factor,2.433676799186977e-05,0.00010177812970200387,1.8092032899553604e-05,0.25,2.433676799186977e-05,1.4640146743466918e-05,9.696621248402853e-06
terrain_interaction_released_mass_x_release_reallocation_flow,external_shock+external_constraint_pressure,stronger_shock,0.0005833747768315167,0.0018041192985603517,0.0018041192985603517,0.25,0.0,0.0005833747768315167,0.0005833747768315167
temporal_response_information_memory,external_competition_pressure,single_sustained_factor,0.06556947483541513,0.10925626895549279,0.10621390655184515,0.25,0.06556947483541513,0.06500694476364627,0.0005625300717688603
temporal_response_information_memory,external_competition_pressure,unseen_factor_intensity,0.06500694476364627,0.10643256054350472,0.10643256054350472,0.25,0.06556947483541513,0.06500694476364627,0.0005625300717688603
temporal_response_information_memory,external_constraint_pressure,longer_sustained_factor,0.23580622157698872,0.2992424268806634,0.2992424268806634,0.23809523809523808,0.0,0.23580622157698872,0.23580622157698872
temporal_response_information_memory,external_demand,single_sustained_factor,0.11239434519220232,0.22541059373713834,0.10388894927497648,0.25,0.11239434519220232,0.0,0.11239434519220232
temporal_response_information_memory,external_information_noise,unseen_factor_intensity,0.1654413236807365,0.22971895194067837,0.22971895194067837,0.25,0.0,0.1654413236807365,0.1654413236807365
temporal_response_information_memory,external_resource_supply,different_reversal_timing,0.062267622322219024,0.10054048034633829,0.10054048034633829,0.25,0.11713378637362293,0.062267622322219024,0.054866164051403904
temporal_response_information_memory,external_resource_supply,single_sustained_factor,0.11713378637362291,0.25518894424806926,0.10010169538013673,0.25,0.11713378637362293,0.062267622322219024,0.054866164051403904
temporal_response_information_memory,external_shock+external_constraint_pressure,stronger_shock,0.16488468104384052,0.2788148545999487,0.2788148545999487,0.25,0.0,0.16488468104384052,0.16488468104384052
temporal_response_exploration_option_value,external_competition_pressure,single_sustained_factor,0.31227732579442735,0.4299306029586729,0.4299306029586729,0.25,0.3122773257944273,0.31131976157317953,0.0009575642212477642
temporal_response_exploration_option_value,external_competition_pressure,unseen_factor_intensity,0.31131976157317953,0.4283289774610425,0.4283289774610425,0.25,0.3122773257944273,0.31131976157317953,0.0009575642212477642
temporal_response_exploration_option_value,external_constraint_pressure,longer_sustained_factor,0.4522406135713998,0.5022288456473039,0.49547080899785306,0.23809523809523808,0.0,0.4522406135713998,0.4522406135713998
temporal_response_exploration_option_value,external_demand,single_sustained_factor,0.3121326140892528,0.42978552767032824,0.4296664815384451,0.25,0.31213261408925275,0.0,0.31213261408925275
temporal_response_exploration_option_value,external_information_noise,unseen_factor_intensity,0.31167883127342305,0.42903999714811925,0.42903999714811925,0.25,0.0,0.31167883127342305,0.31167883127342305
temporal_response_exploration_option_value,external_resource_supply,different_reversal_timing,0.31151325235893673,0.42872757709493,0.42872757709493,0.25,0.31230506213034753,0.31151325235893673,0.0007918097714108008
temporal_response_exploration_option_value,external_resource_supply,single_sustained_factor,0.3123050621303475,0.43035857184523313,0.43035857184523313,0.25,0.31230506213034753,0.31151325235893673,0.0007918097714108008
temporal_response_exploration_option_value,external_shock+external_constraint_pressure,stronger_shock,0.30908094670807607,0.4231761137732623,0.4231761137732623,0.25,0.0,0.30908094670807607,0.30908094670807607
temporal_response_exploration_net_expected_value,external_competition_pressure,single_sustained_factor,0.3304363989815736,0.45362975498246344,0.45362975498246344,0.25,0.3304363989815736,0.32960121084805655,0.000835188133517073
temporal_response_exploration_net_expected_value,external_competition_pressure,unseen_factor_intensity,0.32960121084805655,0.45224297343584846,0.45224297343584846,0.25,0.3304363989815736,0.32960121084805655,0.000835188133517073
temporal_response_exploration_net_expected_value,external_constraint_pressure,longer_sustained_factor,0.4733965271510393,0.5215692398337373,0.5185278105734921,0.23809523809523808,0.0,0.4733965271510393,0.4733965271510393
temporal_response_exploration_net_expected_value,external_demand,single_sustained_factor,0.3303405130915479,0.4535591063427291,0.45342177218997426,0.25,0.3303405130915479,0.0,0.3303405130915479
temporal_response_exploration_net_expected_value,external_information_noise,unseen_factor_intensity,0.33007826222509395,0.4531799218693672,0.4531799218693672,0.25,0.0,0.33007826222509395,0.33007826222509395
temporal_response_exploration_net_expected_value,external_resource_supply,different_reversal_timing,0.32985113109270303,0.45279670328205246,0.45279670328205246,0.25,0.33052590079890304,0.32985113109270303,0.0006747697062000069
temporal_response_exploration_net_expected_value,external_resource_supply,single_sustained_factor,0.33052590079890304,0.45420253819029366,0.45420253819029366,0.25,0.33052590079890304,0.32985113109270303,0.0006747697062000069
temporal_response_exploration_net_expected_value,external_shock+external_constraint_pressure,stronger_shock,0.3278660577874699,0.4482481455814388,0.4482481455814388,0.25,0.0,0.3278660577874699,0.3278660577874699
temporal_response_expected_value_advantage,external_competition_pressure,single_sustained_factor,0.012626675490133604,0.0197876502826655,0.0197876502826655,0.25,0.012626675490133606,0.012043456333363907,0.0005832191567696991
temporal_response_expected_value_advantage,external_competition_pressure,unseen_factor_intensity,0.012043456333363907,0.018624464808233033,0.018624464808233033,0.25,0.012626675490133606,0.012043456333363907,0.0005832191567696991
temporal_response_expected_value_advantage,external_constraint_pressure,longer_sustained_factor,0.09155127514082598,0.11733555395517489,0.1108458605914168,0.23809523809523808,0.0,0.09155127514082598,0.09155127514082598
temporal_response_expected_value_advantage,external_demand,single_sustained_factor,0.01713318674946197,0.04397345448921652,0.016940706528739843,0.25,0.017133186749461973,0.0,0.017133186749461973
temporal_response_expected_value_advantage,external_information_noise,unseen_factor_intensity,0.018205195976608027,0.030285395508604616,0.030285395508604616,0.25,0.0,0.018205195976608027,0.018205195976608027
temporal_response_expected_value_advantage,external_resource_supply,different_reversal_timing,0.009640125040472743,0.014784588706098216,0.014784588706098216,0.25,0.013320251631853809,0.009640125040472743,0.0036801265913810662
temporal_response_expected_value_advantage,external_resource_supply,single_sustained_factor,0.013320251631853807,0.02530712490517739,0.015907305375526187,0.25,0.013320251631853809,0.009640125040472743,0.0036801265913810662
temporal_response_expected_value_advantage,external_shock+external_constraint_pressure,stronger_shock,0.07271044144056622,0.12813015134586828,0.12813015134586828,0.25,0.0,0.07271044144056622,0.07271044144056622
temporal_response_last_flow,external_competition_pressure,single_sustained_factor,0.20277460279135912,0.3083890735778263,0.3006753048028713,0.25,0.20277460279135912,0.20042170270511728,0.002352900086241838
temporal_response_last_flow,external_competition_pressure,unseen_factor_intensity,0.20042170270511728,0.2988980528361061,0.2988980528361061,0.25,0.20277460279135912,0.20042170270511728,0.002352900086241838
temporal_response_last_flow,external_constraint_pressure,longer_sustained_factor,0.36610433556594313,0.44611323653674784,0.36861158551960704,0.23809523809523808,0.0,0.36610433556594313,0.36610433556594313
temporal_response_last_flow,external_demand,single_sustained_factor,0.20640647551005742,0.3151822660043123,0.3048215531534025,0.25,0.20640647551005742,0.0,0.20640647551005742
temporal_response_last_flow,external_information_noise,unseen_factor_intensity,0.21055458052715617,0.3156471720735594,0.3156471720735594,0.25,0.0,0.21055458052715617,0.21055458052715617
temporal_response_last_flow,external_resource_supply,different_reversal_timing,0.20420199469485592,0.3050457658708463,0.3050457658708463,0.25,0.20653701239372085,0.20420199469485592,0.002335017698864933
temporal_response_last_flow,external_resource_supply,single_sustained_factor,0.20653701239372085,0.3171357954671943,0.30360996196027984,0.25,0.20653701239372085,0.20420199469485592,0.002335017698864933
temporal_response_last_flow,external_shock+external_constraint_pressure,stronger_shock,0.1925410139133078,0.2714900570754466,0.2714900570754466,0.25,0.0,0.1925410139133078,0.1925410139133078
external_response_external_resource_supply,external_competition_pressure,single_sustained_factor,0.0,0.0,0.0,0.0,0.0,0.0,0.0
external_response_external_resource_supply,external_competition_pressure,unseen_factor_intensity,0.0,0.0,0.0,0.0,0.0,0.0,0.0
external_response_external_resource_supply,external_constraint_pressure,longer_sustained_factor,0.0,0.0,0.0,0.0,0.0,0.0,0.0
external_response_external_resource_supply,external_demand,single_sustained_factor,0.0,0.0,0.0,0.0,0.0,0.0,0.0
external_response_external_resource_supply,external_information_noise,unseen_factor_intensity,0.0,0.0,0.0,0.0,0.0,0.0,0.0
external_response_external_resource_supply,external_resource_supply,different_reversal_timing,0.24834277910158065,0.34467800211336347,0.3196998046083923,0.25,-0.0007337720511877439,0.24834277910158065,0.2490765511527684
external_response_external_resource_supply,external_resource_supply,single_sustained_factor,-0.0007337720511877421,0.34803599153274534,0.32034706089723664,0.25,-0.0007337720511877439,0.24834277910158065,0.2490765511527684
external_response_external_resource_supply,external_shock+external_constraint_pressure,stronger_shock,0.0,0.0,0.0,0.0,0.0,0.0,0.0
external_response_external_demand,external_competition_pressure,single_sustained_factor,0.0,0.0,0.0,0.0,0.0,0.0,0.0
external_response_external_demand,external_competition_pressure,unseen_factor_intensity,0.0,0.0,0.0,0.0,0.0,0.0,0.0
external_response_external_demand,external_constraint_pressure,longer_sustained_factor,0.0,0.0,0.0,0.0,0.0,0.0,0.0
external_response_external_demand,external_demand,single_sustained_factor,0.005572876741919475,0.3679725104858091,0.3509359910276906,0.25,0.005572876741919471,0.0,0.005572876741919471
external_response_external_demand,external_information_noise,unseen_factor_intensity,0.0,0.0,0.0,0.0,0.0,0.0,0.0
external_response_external_demand,external_resource_supply,different_reversal_timing,0.0,0.0,0.0,0.0,0.0,0.0,0.0
external_response_external_demand,external_resource_supply,single_sustained_factor,0.0,0.0,0.0,0.0,0.0,0.0,0.0
external_response_external_demand,external_shock+external_constraint_pressure,stronger_shock,0.0,0.0,0.0,0.0,0.0,0.0,0.0
external_response_external_competition_pressure,external_competition_pressure,single_sustained_factor,0.0961830948466777,0.1782773944801916,0.16819312072970843,0.25,0.0961830948466777,0.15612576756227425,0.05994267271559656
external_response_external_competition_pressure,external_competition_pressure,unseen_factor_intensity,0.15612576756227425,0.21464738674065684,0.20290056887827337,0.25,0.0961830948466777,0.15612576756227425,0.05994267271559656
external_response_external_competition_pressure,external_constraint_pressure,longer_sustained_factor,0.0,0.0,0.0,0.0,0.0,0.0,0.0
external_response_external_competition_pressure,external_demand,single_sustained_factor,0.0,0.0,0.0,0.0,0.0,0.0,0.0
external_response_external_competition_pressure,external_information_noise,unseen_factor_intensity,0.0,0.0,0.0,0.0,0.0,0.0,0.0
external_response_external_competition_pressure,external_resource_supply,different_reversal_timing,0.0,0.0,0.0,0.0,0.0,0.0,0.0
external_response_external_competition_pressure,external_resource_supply,single_sustained_factor,0.0,0.0,0.0,0.0,0.0,0.0,0.0
external_response_external_competition_pressure,external_shock+external_constraint_pressure,stronger_shock,0.0,0.0,0.0,0.0,0.0,0.0,0.0
external_response_external_information_noise,external_competition_pressure,single_sustained_factor,0.0,0.0,0.0,0.0,0.0,0.0,0.0
external_response_external_information_noise,external_competition_pressure,unseen_factor_intensity,0.0,0.0,0.0,0.0,0.0,0.0,0.0
external_response_external_information_noise,external_constraint_pressure,longer_sustained_factor,0.0,0.0,0.0,0.0,0.0,0.0,0.0
external_response_external_information_noise,external_demand,single_sustained_factor,0.0,0.0,0.0,0.0,0.0,0.0,0.0
external_response_external_information_noise,external_information_noise,unseen_factor_intensity,0.15007041491796178,0.20834233053992002,0.19313518256471252,0.25,0.0,0.15007041491796178,0.15007041491796178
external_response_external_information_noise,external_resource_supply,different_reversal_timing,0.0,0.0,0.0,0.0,0.0,0.0,0.0
external_response_external_information_noise,external_resource_supply,single_sustained_factor,0.0,0.0,0.0,0.0,0.0,0.0,0.0
external_response_external_information_noise,external_shock+external_constraint_pressure,stronger_shock,0.0,0.0,0.0,0.0,0.0,0.0,0.0
external_response_external_shock,external_competition_pressure,single_sustained_factor,0.0,0.0,0.0,0.0,0.0,0.0,0.0
external_response_external_shock,external_competition_pressure,unseen_factor_intensity,0.0,0.0,0.0,0.0,0.0,0.0,0.0
external_response_external_shock,external_constraint_pressure,longer_sustained_factor,0.0,0.0,0.0,0.0,0.0,0.0,0.0
external_response_external_shock,external_demand,single_sustained_factor,0.0,0.0,0.0,0.0,0.0,0.0,0.0
external_response_external_shock,external_information_noise,unseen_factor_intensity,0.0,0.0,0.0,0.0,0.0,0.0,0.0
external_response_external_shock,external_resource_supply,different_reversal_timing,0.0,0.0,0.0,0.0,0.0,0.0,0.0
external_response_external_shock,external_resource_supply,single_sustained_factor,0.0,0.0,0.0,0.0,0.0,0.0,0.0
external_response_external_shock,external_shock+external_constraint_pressure,stronger_shock,0.2652460690227647,0.36418344701906347,0.34485908840556384,0.25,0.0,0.2652460690227647,0.2652460690227647
external_response_external_constraint_pressure,external_competition_pressure,single_sustained_factor,0.0,0.0,0.0,0.0,0.0,0.0,0.0
external_response_external_constraint_pressure,external_competition_pressure,unseen_factor_intensity,0.0,0.0,0.0,0.0,0.0,0.0,0.0
external_response_external_constraint_pressure,external_constraint_pressure,longer_sustained_factor,0.25609103601824945,0.2998281341739953,0.2998281341739953,0.23809523809523808,0.0,0.25609103601824945,0.25609103601824945
external_response_external_constraint_pressure,external_demand,single_sustained_factor,0.0,0.0,0.0,0.0,0.0,0.0,0.0
external_response_external_constraint_pressure,external_information_noise,unseen_factor_intensity,0.0,0.0,0.0,0.0,0.0,0.0,0.0
external_response_external_constraint_pressure,external_resource_supply,different_reversal_timing,0.0,0.0,0.0,0.0,0.0,0.0,0.0
external_response_external_constraint_pressure,external_resource_supply,single_sustained_factor,0.0,0.0,0.0,0.0,0.0,0.0,0.0
external_response_external_constraint_pressure,external_shock+external_constraint_pressure,stronger_shock,0.13262303451138235,0.18209172350953173,0.17242954420278192,0.25,0.0,0.13262303451138235,0.13262303451138235
residual_response_positive_residual_proxy,external_competition_pressure,single_sustained_factor,0.11661700447807621,0.21292911193044503,0.19609024669867267,0.25,0.11661700447807621,0.11886538574729404,0.0022483812692178223
residual_response_positive_residual_proxy,external_competition_pressure,unseen_factor_intensity,0.11886538574729404,0.21285474201372223,0.19381893984530688,0.25,0.11661700447807621,0.11886538574729404,0.0022483812692178223
residual_response_positive_residual_proxy,external_constraint_pressure,longer_sustained_factor,0.4375536843350026,0.6673736562572901,0.6483378540888747,0.23809523809523808,0.0,0.4375536843350026,0.4375536843350026
residual_response_positive_residual_proxy,external_demand,single_sustained_factor,0.1162886183105531,0.21345365513802061,0.1972875525818345,0.25,0.11628861831055308,0.0,0.11628861831055308
residual_response_positive_residual_proxy,external_information_noise,unseen_factor_intensity,0.11883897677968863,0.2138775333320482,0.19484173116363285,0.25,0.0,0.11883897677968863,0.11883897677968863
residual_response_positive_residual_proxy,external_resource_supply,different_reversal_timing,0.11876392767492316,0.21323353441370985,0.1941977322452945,0.25,0.11623724568159965,0.11876392767492316,0.0025266819933235096
residual_response_positive_residual_proxy,external_resource_supply,single_sustained_factor,0.11623724568159964,0.2128063879304013,0.19604596165071803,0.25,0.11623724568159965,0.11876392767492316,0.0025266819933235096
residual_response_positive_residual_proxy,external_shock+external_constraint_pressure,stronger_shock,0.1105346484251429,0.19628244273366233,0.17724664056524697,0.25,0.0,0.1105346484251429,0.1105346484251429
residual_response_negative_residual_proxy,external_competition_pressure,single_sustained_factor,0.11661700447807648,0.21292911193044545,0.1960902466986729,0.25,0.11661700447807648,0.11886538574729436,0.002248381269217878
residual_response_negative_residual_proxy,external_competition_pressure,unseen_factor_intensity,0.11886538574729436,0.21285474201372273,0.19381893984530713,0.25,0.11661700447807648,0.11886538574729436,0.002248381269217878
residual_response_negative_residual_proxy,external_constraint_pressure,longer_sustained_factor,0.4375536843350028,0.6673736562572903,0.6483378540888747,0.23809523809523808,0.0,0.4375536843350028,0.4375536843350028
residual_response_negative_residual_proxy,external_demand,single_sustained_factor,0.11628861831055334,0.21345365513802111,0.19728755258183447,0.25,0.11628861831055333,0.0,0.11628861831055333
residual_response_negative_residual_proxy,external_information_noise,unseen_factor_intensity,0.11883897677968887,0.2138775333320484,0.1948417311636328,0.25,0.0,0.11883897677968887,0.11883897677968887
residual_response_negative_residual_proxy,external_resource_supply,different_reversal_timing,0.11876392767492354,0.21323353441371024,0.19419773224529463,0.25,0.11623724568159988,0.11876392767492354,0.0025266819933236623
residual_response_negative_residual_proxy,external_resource_supply,single_sustained_factor,0.11623724568159986,0.21280638793040174,0.1960459616507181,0.25,0.11623724568159988,0.11876392767492354,0.0025266819933236623
residual_response_negative_residual_proxy,external_shock+external_constraint_pressure,stronger_shock,0.11053464842514313,0.1962824427336624,0.1772466405652468,0.25,0.0,0.11053464842514313,0.11053464842514313
residual_response_residual_energy_proxy,external_competition_pressure,single_sustained_factor,0.01600277639403069,0.0384474706370959,0.03774962691000262,0.25,0.016002776394030693,0.01557925828952321,0.00042351810450748373
residual_response_residual_energy_proxy,external_competition_pressure,unseen_factor_intensity,0.01557925828952321,0.03734298988082977,0.03732924710875277,0.25,0.016002776394030693,0.01557925828952321,0.00042351810450748373
residual_response_residual_energy_proxy,external_constraint_pressure,longer_sustained_factor,0.16027258266670039,0.29502212730513017,0.29500838453305317,0.23809523809523808,0.0,0.16027258266670039,0.16027258266670039
residual_response_residual_energy_proxy,external_demand,single_sustained_factor,0.01585714031789765,0.03846934945305903,0.03781144581356626,0.25,0.01585714031789765,0.0,0.01585714031789765
residual_response_residual_energy_proxy,external_information_noise,unseen_factor_intensity,0.015290997197585482,0.03676290323228603,0.03674916046020903,0.25,0.0,0.015290997197585482,0.015290997197585482
residual_response_residual_energy_proxy,external_resource_supply,different_reversal_timing,0.01556669105689468,0.037362177169855605,0.0373484343977786,0.25,0.01590655329158678,0.01556669105689468,0.0003398622346920989
residual_response_residual_energy_proxy,external_resource_supply,single_sustained_factor,0.015906553291586783,0.03843601954139876,0.03775669122427375,0.25,0.01590655329158678,0.01556669105689468,0.0003398622346920989
residual_response_residual_energy_proxy,external_shock+external_constraint_pressure,stronger_shock,0.012927901313297881,0.03075279465196502,0.03073905187988802,0.25,0.0,0.012927901313297881,0.012927901313297881
